{
	"credit": "Made with Blockbench",
	"texture_size": [64, 64],
	"textures": {
		"4": "custom/cosmetics/present_hat_orange",
		"particle": "custom/cosmetics/present_hat_orange"
	},
	"elements": [
		{
			"from": [3, -7, 3],
			"to": [13, 0, 13],
			"faces": {
				"north": {"uv": [2.5, 2.5, 5, 4.25], "texture": "#4"},
				"east": {"uv": [0, 2.5, 2.5, 4.25], "texture": "#4"},
				"south": {"uv": [7.5, 2.5, 10, 4.25], "texture": "#4"},
				"west": {"uv": [5, 2.5, 7.5, 4.25], "texture": "#4"},
				"up": {"uv": [5, 2.5, 2.5, 0], "texture": "#4"},
				"down": {"uv": [7.5, 0, 5, 2.5], "texture": "#4"}
			}
		},
		{
			"from": [2, 0, 2],
			"to": [14, 3, 14],
			"faces": {
				"north": {"uv": [3, 7.25, 6, 8], "texture": "#4"},
				"east": {"uv": [0, 7.25, 3, 8], "texture": "#4"},
				"south": {"uv": [9, 7.25, 12, 8], "texture": "#4"},
				"west": {"uv": [6, 7.25, 9, 8], "texture": "#4"},
				"up": {"uv": [6, 7.25, 3, 4.25], "texture": "#4"},
				"down": {"uv": [9, 4.25, 6, 7.25], "texture": "#4"}
			}
		},
		{
			"from": [3.5, 3, 8],
			"to": [12.5, 7, 8],
			"rotation": {"angle": 45, "axis": "y", "origin": [8, 0, 8]},
			"faces": {
				"north": {"uv": [0, 8, 2.25, 9], "texture": "#4"},
				"east": {"uv": [0, 8, 0, 9], "texture": "#4"},
				"south": {"uv": [2.25, 8, 4.5, 9], "texture": "#4"},
				"west": {"uv": [2.25, 8, 2.25, 9], "texture": "#4"},
				"up": {"uv": [2.25, 8, 0, 8], "texture": "#4"},
				"down": {"uv": [4.5, 8, 2.25, 8], "texture": "#4"}
			}
		},
		{
			"from": [8, 3, 3.5],
			"to": [8, 7, 12.5],
			"rotation": {"angle": 45, "axis": "y", "origin": [8, 0, 8]},
			"faces": {
				"north": {"uv": [2.25, 8, 2.25, 9], "texture": "#4"},
				"east": {"uv": [0, 8, 2.25, 9], "texture": "#4"},
				"south": {"uv": [4.5, 8, 4.5, 9], "texture": "#4"},
				"west": {"uv": [2.25, 8, 4.5, 9], "texture": "#4"},
				"up": {"uv": [2.25, 8, 2.25, 5.75], "texture": "#4"},
				"down": {"uv": [2.25, 5.75, 2.25, 8], "texture": "#4"}
			}
		}
	],
	"display": {
		"thirdperson_righthand": {
			"translation": [0, 7.75, 0],
			"scale": [0.5, 0.5, 0.5]
		},
		"thirdperson_lefthand": {
			"translation": [0, 7.75, 0],
			"scale": [0.5, 0.5, 0.5]
		},
		"firstperson_righthand": {
			"translation": [0, 6, 0],
			"scale": [0.75, 0.75, 0.76]
		},
		"firstperson_lefthand": {
			"translation": [0, 6, 0],
			"scale": [0.75, 0.75, 0.75]
		},
		"ground": {
			"translation": [0, 12, 0]
		},
		"gui": {
			"rotation": [0, 133, 0],
			"translation": [0, 7.75, 0],
			"scale": [0.9, 0.9, 0.9]
		},
		"head": {
			"translation": [0, 15, 0],
			"scale": [1.5, 1.5, 1.5]
		},
		"fixed": {
			"translation": [0, 8.5, 0.75]
		}
	}
}