{
	"credit": "Made with Blockbench",
	"textures": {
		"5": "custom/cosmetics/reindeer_ears_brown",
		"particle": "custom/cosmetics/reindeer_ears_brown"
	},
	"elements": [
		{
			"from": [1, 0, 7],
			"to": [4, 2, 9],
			"rotation": {"angle": -45, "axis": "z", "origin": [4, 0, 7]},
			"faces": {
				"north": {"uv": [2, 2, 5, 4], "texture": "#5"},
				"east": {"uv": [0, 4, 2, 2], "rotation": 90, "texture": "#5"},
				"south": {"uv": [7, 2, 10, 4], "texture": "#5"},
				"west": {"uv": [5, 2, 7, 4], "texture": "#5"},
				"up": {"uv": [5, 2, 2, 0], "texture": "#5"},
				"down": {"uv": [8, 0, 5, 2], "texture": "#5"}
			}
		},
		{
			"from": [10, 0, 7],
			"to": [12, 3, 9],
			"rotation": {"angle": -45, "axis": "z", "origin": [12, 0, 7]},
			"faces": {
				"north": {"uv": [5, 2, 2, 4], "rotation": 90, "texture": "#5"},
				"east": {"uv": [8, 2, 5, 0], "rotation": 90, "texture": "#5"},
				"south": {"uv": [7, 4, 10, 2], "rotation": 90, "texture": "#5"},
				"west": {"uv": [5, 0, 2, 2], "rotation": 90, "texture": "#5"},
				"up": {"uv": [5, 4, 7, 2], "rotation": 90, "texture": "#5"},
				"down": {"uv": [2, 2, 0, 4], "texture": "#5"}
			}
		},
		{
			"from": [1.87868, 2.12132, 7.025],
			"to": [3.87868, 6.12132, 8.975],
			"rotation": {"angle": 0, "axis": "z", "origin": [1.87868, 2.12132, 7]},
			"faces": {
				"north": {"uv": [2, 10, 4, 14], "texture": "#5"},
				"east": {"uv": [0, 10, 2, 14], "texture": "#5"},
				"south": {"uv": [6, 10, 8, 14], "texture": "#5"},
				"west": {"uv": [4, 10, 6, 14], "texture": "#5"},
				"up": {"uv": [4, 10, 2, 8], "texture": "#5"},
				"down": {"uv": [6, 8, 4, 10], "texture": "#5"}
			}
		},
		{
			"from": [12.12132, 2.12132, 7.025],
			"to": [14.12132, 6.12132, 8.975],
			"rotation": {"angle": 0, "axis": "z", "origin": [12.12132, 2.12132, 6.975]},
			"faces": {
				"north": {"uv": [4, 10, 2, 14], "texture": "#5"},
				"east": {"uv": [6, 10, 4, 14], "texture": "#5"},
				"south": {"uv": [8, 10, 6, 14], "texture": "#5"},
				"west": {"uv": [2, 10, 0, 14], "texture": "#5"},
				"up": {"uv": [2, 10, 4, 8], "texture": "#5"},
				"down": {"uv": [6, 8, 4, 10], "texture": "#5"}
			}
		},
		{
			"from": [-1.12132, 2.12132, 7.05],
			"to": [1.87868, 4.12132, 8.95],
			"rotation": {"angle": -22.5, "axis": "z", "origin": [1.87868, 2.12132, 7]},
			"faces": {
				"north": {"uv": [2, 6, 5, 8], "texture": "#5"},
				"east": {"uv": [0, 6, 2, 8], "texture": "#5"},
				"south": {"uv": [7, 6, 10, 8], "texture": "#5"},
				"west": {"uv": [5, 6, 7, 8], "texture": "#5"},
				"up": {"uv": [5, 6, 2, 4], "texture": "#5"},
				"down": {"uv": [8, 4, 5, 6], "texture": "#5"}
			}
		},
		{
			"from": [14.12132, 2.12132, 7.05],
			"to": [17.12132, 4.12132, 8.95],
			"rotation": {"angle": 22.5, "axis": "z", "origin": [14.12132, 2.12132, 7.05]},
			"faces": {
				"north": {"uv": [2, 8, 5, 6], "rotation": 180, "texture": "#5"},
				"east": {"uv": [5, 8, 7, 6], "rotation": 180, "texture": "#5"},
				"south": {"uv": [7, 8, 10, 6], "rotation": 180, "texture": "#5"},
				"west": {"uv": [0, 6, 2, 8], "rotation": 180, "texture": "#5"},
				"up": {"uv": [5, 4, 2, 6], "rotation": 180, "texture": "#5"},
				"down": {"uv": [8, 6, 5, 4], "rotation": 180, "texture": "#5"}
			}
		}
	],
	"display": {
		"thirdperson_righthand": {
			"translation": [0, 4.5, 0],
			"scale": [0.75, 0.75, 0.75]
		},
		"thirdperson_lefthand": {
			"translation": [0, 4.5, 0],
			"scale": [0.75, 0.75, 0.75]
		},
		"firstperson_righthand": {
			"translation": [0, 6, 0],
			"scale": [0.75, 0.75, 0.76]
		},
		"firstperson_lefthand": {
			"translation": [0, 6, 0],
			"scale": [0.75, 0.75, 0.75]
		},
		"ground": {
			"translation": [0, 4, 0]
		},
		"gui": {
			"rotation": [0, 133, 0],
			"translation": [0.25, 4.25, 0],
			"scale": [0.9, 0.9, 0.9]
		},
		"head": {
			"translation": [0, 16.5, 0],
			"scale": [1.6, 1.6, 1.6]
		},
		"fixed": {
			"translation": [0, 6, 0.75]
		}
	}
}