{
	"credit": "Made with Blockbench",
	"texture_size": [32, 32],
	"textures": {
		"0": "custom/cosmetics/santa_hat_gold",
		"particle": "custom/cosmetics/santa_hat_gold"
	},
	"elements": [
		{
			"from": [3, 0, 3],
			"to": [13, 3, 13],
			"rotation": {"angle": 22.5, "axis": "x", "origin": [0, 0, 4]},
			"faces": {
				"north": {"uv": [5, 0, 10, 1.5], "texture": "#0"},
				"east": {"uv": [5, 0, 10, 1.5], "texture": "#0"},
				"south": {"uv": [5, 0, 10, 1.5], "texture": "#0"},
				"west": {"uv": [5, 0, 10, 1.5], "texture": "#0"},
				"up": {"uv": [5, 5, 0, 0], "texture": "#0"},
				"down": {"uv": [5, 5, 0, 10], "texture": "#0"}
			}
		},
		{
			"from": [3.975, 3, 4],
			"to": [12.025, 6, 12],
			"rotation": {"angle": 22.5, "axis": "x", "origin": [0, 0, 4]},
			"faces": {
				"north": {"uv": [7, 10, 11, 11.5], "texture": "#0"},
				"east": {"uv": [7, 10, 11, 11.5], "texture": "#0"},
				"south": {"uv": [7, 10, 11, 11.5], "texture": "#0"},
				"west": {"uv": [7, 10, 11, 11.5], "texture": "#0"},
				"up": {"uv": [9, 10, 5, 6], "texture": "#0"},
				"down": {"uv": [13, 6, 9, 10], "texture": "#0"}
			}
		},
		{
			"from": [5, 5.16059, 7.21998],
			"to": [11, 8.16059, 13.21998],
			"rotation": {"angle": 45, "axis": "x", "origin": [5, 5.16059, 7.21998]},
			"faces": {
				"north": {"uv": [11, 10, 14, 11.5], "texture": "#0"},
				"east": {"uv": [11, 10, 14, 11.5], "texture": "#0"},
				"south": {"uv": [11, 10, 14, 11.5], "texture": "#0"},
				"west": {"uv": [11, 10, 14, 11.5], "texture": "#0"},
				"up": {"uv": [3, 13, 0, 10], "texture": "#0"},
				"down": {"uv": [13, 0, 10, 3], "texture": "#0"}
			}
		},
		{
			"from": [6, 2.57481, 10.04841],
			"to": [10, 6.57481, 13.04841],
			"rotation": {"angle": -22.5, "axis": "x", "origin": [6, 6.57481, 10.04841]},
			"faces": {
				"north": {"uv": [12, 11.5, 14, 13.5], "texture": "#0"},
				"east": {"uv": [3.5, 15, 2, 13], "texture": "#0"},
				"south": {"uv": [0, 13, 2, 15], "texture": "#0"},
				"west": {"uv": [2, 13, 3.5, 15], "texture": "#0"},
				"up": {"uv": [5.5, 14.5, 3.5, 13], "texture": "#0"},
				"down": {"uv": [5.5, 13, 3.5, 14.5], "texture": "#0"}
			}
		},
		{
			"from": [7, 4.79898, 13.20273],
			"to": [9, 6.79898, 15.20273],
			"rotation": {"angle": 0, "axis": "x", "origin": [7, 6.79898, 13.20273]},
			"faces": {
				"north": {"uv": [13, 2, 14, 3], "texture": "#0"},
				"east": {"uv": [15, 4, 14, 3], "texture": "#0"},
				"south": {"uv": [13.5, 13.5, 14.5, 14.5], "texture": "#0"},
				"west": {"uv": [14, 2, 15, 3], "texture": "#0"},
				"up": {"uv": [15, 4, 14, 3], "texture": "#0"},
				"down": {"uv": [15, 3, 14, 4], "texture": "#0"}
			}
		},
		{
			"from": [6.5, 4.29898, 15.20273],
			"to": [9.5, 7.29898, 18.20273],
			"rotation": {"angle": 45, "axis": "x", "origin": [6.5, 6.79898, 15.20273]},
			"faces": {
				"north": {"uv": [13, 6, 14.5, 7.5], "texture": "#0"},
				"east": {"uv": [7.5, 13, 9, 14.5], "texture": "#0"},
				"south": {"uv": [13, 7.5, 14.5, 9], "texture": "#0"},
				"west": {"uv": [9, 13, 10.5, 14.5], "texture": "#0"},
				"up": {"uv": [12, 14.5, 10.5, 13], "texture": "#0"},
				"down": {"uv": [13.5, 13.5, 12, 15], "texture": "#0"}
			}
		}
	],
	"display": {
		"thirdperson_righthand": {
			"translation": [0, 6.75, 0],
			"scale": [0.75, 0.75, 0.75]
		},
		"thirdperson_lefthand": {
			"translation": [0, 6.75, 0],
			"scale": [0.75, 0.75, 0.75]
		},
		"firstperson_righthand": {
			"translation": [0, 9, 0],
			"scale": [0.75, 0.75, 0.76]
		},
		"firstperson_lefthand": {
			"translation": [0, 9, 0],
			"scale": [0.75, 0.75, 0.75]
		},
		"ground": {
			"translation": [0, 8, 0]
		},
		"gui": {
			"rotation": [0, 133, 0],
			"translation": [-0.75, 5.25, 0],
			"scale": [0.9, 0.9, 0.9]
		},
		"head": {
			"translation": [0, 17.25, 0],
			"scale": [1.75, 1.75, 1.75]
		},
		"fixed": {
			"rotation": [0, -90, 0],
			"translation": [1.5, 5.75, 0.5]
		}
	}
}