{
	"credit": "Made with Blockbench",
	"texture_size": [32, 32],
	"textures": {
		"3": "custom/cosmetics/ear_muffs_gold",
		"particle": "custom/cosmetics/ear_muffs_gold"
	},
	"elements": [
		{
			"from": [2, -4, 6],
			"to": [4, 0, 10],
			"rotation": {"angle": 0, "axis": "y", "origin": [2, -2, 7]},
			"faces": {
				"north": {"uv": [3, 2, 2, 4], "texture": "#3"},
				"east": {"uv": [5, 2, 3, 4], "texture": "#3"},
				"south": {"uv": [6, 2, 5, 4], "texture": "#3"},
				"west": {"uv": [2, 2, 0, 4], "texture": "#3"},
				"up": {"uv": [2, 2, 3, 0], "texture": "#3"},
				"down": {"uv": [3, 2, 4, 0], "texture": "#3"}
			}
		},
		{
			"from": [12, -4, 6],
			"to": [14, 0, 10],
			"rotation": {"angle": 0, "axis": "y", "origin": [11, -2, 7]},
			"faces": {
				"north": {"uv": [2, 2, 3, 4], "texture": "#3"},
				"east": {"uv": [0, 2, 2, 4], "texture": "#3"},
				"south": {"uv": [5, 2, 6, 4], "texture": "#3"},
				"west": {"uv": [3, 2, 5, 4], "texture": "#3"},
				"up": {"uv": [3, 2, 2, 0], "texture": "#3"},
				"down": {"uv": [4, 0, 3, 2], "texture": "#3"}
			}
		},
		{
			"from": [12, 0, 7],
			"to": [13, 3, 9],
			"rotation": {"angle": 0, "axis": "y", "origin": [11, 1, 7]},
			"faces": {
				"north": {"uv": [1, 6.5, 1.5, 8], "texture": "#3"},
				"east": {"uv": [0, 6.5, 1, 8], "texture": "#3"},
				"south": {"uv": [2.5, 6.5, 3, 8], "texture": "#3"},
				"west": {"uv": [1.5, 6.5, 2.5, 8], "texture": "#3"},
				"up": {"uv": [1.5, 6.5, 1, 5.5], "texture": "#3"},
				"down": {"uv": [2, 5.5, 1.5, 6.5], "texture": "#3"}
			}
		},
		{
			"from": [3, 0, 7],
			"to": [4, 3, 9],
			"rotation": {"angle": 0, "axis": "y", "origin": [3, 1, 7]},
			"faces": {
				"north": {"uv": [2.5, 6.5, 3, 8], "texture": "#3"},
				"east": {"uv": [1.5, 6.5, 2.5, 8], "texture": "#3"},
				"south": {"uv": [1, 6.5, 1.5, 8], "texture": "#3"},
				"west": {"uv": [0, 6.5, 1, 8], "texture": "#3"},
				"up": {"uv": [1, 5.5, 1.5, 6.5], "texture": "#3"},
				"down": {"uv": [1.5, 5.5, 2, 6.5], "texture": "#3"}
			}
		},
		{
			"from": [4, 2, 7],
			"to": [12, 3, 9],
			"rotation": {"angle": 0, "axis": "y", "origin": [3, 1, 7]},
			"faces": {
				"north": {"uv": [1, 5, 5, 5.5], "texture": "#3"},
				"east": {"uv": [0, 5, 1, 5.5], "texture": "#3"},
				"south": {"uv": [6, 5, 10, 5.5], "texture": "#3"},
				"west": {"uv": [5, 5, 6, 5.5], "texture": "#3"},
				"up": {"uv": [5, 5, 1, 4], "texture": "#3"},
				"down": {"uv": [9, 4, 5, 5], "texture": "#3"}
			}
		}
	],
	"display": {
		"thirdperson_righthand": {
			"translation": [0, 4.5, 0],
			"scale": [0.75, 0.75, 0.75]
		},
		"thirdperson_lefthand": {
			"translation": [0, 4.5, 0],
			"scale": [0.75, 0.75, 0.75]
		},
		"firstperson_righthand": {
			"translation": [0, 6, 0],
			"scale": [0.75, 0.75, 0.76]
		},
		"firstperson_lefthand": {
			"translation": [0, 6, 0],
			"scale": [0.75, 0.75, 0.75]
		},
		"ground": {
			"translation": [0, 8, 0]
		},
		"gui": {
			"rotation": [0, 133, 0],
			"translation": [0, 7.75, 0],
			"scale": [0.9, 0.9, 0.9]
		},
		"head": {
			"translation": [0, 17.25, 0],
			"scale": [1.75, 1.75, 1.75]
		},
		"fixed": {
			"translation": [0, 8.5, 0.75]
		}
	}
}