{
  "parent": "minecraft:block/carved_pumpkin",
  "overrides": [
    {"predicate": {"custom_model_data":1000},"model": "item/cosmetics/santa_hat_green"},
    {"predicate": {"custom_model_data":1001},"model": "item/cosmetics/santa_hat_red"},
    {"predicate": {"custom_model_data":1002},"model": "item/cosmetics/santa_hat_blue"},
    {"predicate": {"custom_model_data":1003},"model": "item/cosmetics/santa_hat_orange"},
    {"predicate": {"custom_model_data":1004},"model": "item/cosmetics/santa_hat_purple"},
    {"predicate": {"custom_model_data":1005},"model": "item/cosmetics/santa_hat_gold"},
    {"predicate": {"custom_model_data":1006},"model": "item/cosmetics/ear_muffs_green"},
    {"predicate": {"custom_model_data":1007},"model": "item/cosmetics/ear_muffs_red"},
    {"predicate": {"custom_model_data":1008},"model": "item/cosmetics/ear_muffs_blue"},
    {"predicate": {"custom_model_data":1009},"model": "item/cosmetics/ear_muffs_orange"},
    {"predicate": {"custom_model_data":1010},"model": "item/cosmetics/ear_muffs_purple"},
    {"predicate": {"custom_model_data":1011},"model": "item/cosmetics/ear_muffs_gold"},
    {"predicate": {"custom_model_data":1012},"model": "item/cosmetics/present_hat_green"},
    {"predicate": {"custom_model_data":1013},"model": "item/cosmetics/present_hat_red"},
    {"predicate": {"custom_model_data":1014},"model": "item/cosmetics/present_hat_blue"},
    {"predicate": {"custom_model_data":1015},"model": "item/cosmetics/present_hat_orange"},
    {"predicate": {"custom_model_data":1016},"model": "item/cosmetics/present_hat_purple"},
    {"predicate": {"custom_model_data":1017},"model": "item/cosmetics/present_hat_gold"},
    {"predicate": {"custom_model_data":1018},"model": "item/cosmetics/reindeer_ears_brown"},
    {"predicate": {"custom_model_data":1019},"model": "item/cosmetics/reindeer_ears_gold"},
    {"predicate": {"custom_model_data":1020},"model": "item/cosmetics/elf_hat_green"}
  ]
}