{
    "providers": [
        {
            "type": "bitmap",
            "file": "minecraft:custom/rec.png",
            "ascent": 7,
            "height": 7,
            "chars": ["\uE001"]
        },
        {
            "type": "bitmap",
            "file": "minecraft:custom/live.png",
            "ascent": 7,
            "height": 7,
            "chars": ["\uE002"]
        },
        {
            "type": "ttf",
            "file": "minecraft:negative_spaces.ttf",
            "shift": [0.0, 0.0],
            "size": 10.0,
            "oversample": 1.0
        }
    ]
}